"","month","year","total_volume","min_flow","max_flow","mean_flow","median_flow"
"1",1,1926,425433600,950400,158976000,13723664.516129,3196800
"2",2,1926,870220800,4838400,115776000,31079314.2857143,15724800
"3",3,1926,377827200,5097600,43545600,12187974.1935484,9072000
"4",4,1926,329356800,3628800,101952000,10978560,5659200
"5",5,1926,70070400,950400,5529600,2260335.48387097,2246400
"6",6,1926,41973120,552960,8640000,1399104,1036800
"7",7,1926,117443520,691200,43200000,3788500.64516129,1382400
"8",8,1926,103334400,570240,24624000,3333367.74193548,1036800
"9",9,1926,118903680,328320,54691200,3963456,712800
"10",10,1926,7508160,172800,561600,242198.709677419,207360
"11",11,1926,13642560,164160,1468800,454752,267840
"12",12,1926,470975040,406080,194400000,15192743.2258065,1468800
"13",1,1927,165024000,2678400,23155200,5323354.83870968,4320000
"14",2,1927,471225600,2764800,83289600,16829485.7142857,9417600
"15",3,1927,571276800,3974400,100224000,18428283.8709677,8726400
"16",4,1927,243043200,3801600,26784000,8101440,5961600
"17",5,1927,59425920,846720,5184000,1916965.16129032,1555200
"18",6,1927,76800960,535680,8467200,2560032,1814400
"19",7,1927,266518080,578880,58579200,8597357.41935484,3283200
"20",8,1927,199324800,1036800,26956800,6429832.25806452,3628800
"21",9,1927,187920000,864000,105408000,6264000,2332800
"22",10,1927,166104000,829440,38016000,5358193.5483871,2246400
"23",11,1927,135388800,1209600,56678400,4512960,1857600
"24",12,1927,1029456000,2160000,153792000,33208258.0645161,13305600
"25",1,1928,211420800,3628800,30844800,6820025.80645161,5097600
"26",2,1928,540432000,6912000,98496000,18635586.2068966,13651200
"27",3,1928,565833600,4838400,165888000,18252696.7741935,11059200
"28",4,1928,1164931200,4665600,395712000,38831040,14515200
"29",5,1928,335145600,4320000,52099200,10811148.3870968,7776000
"30",6,1928,224899200,2073600,88128000,7496640,3801600
"31",7,1928,55010880,535680,3888000,1774544.51612903,1468800
"32",8,1928,233314560,518400,77500800,7526276.12903226,1728000
"33",9,1928,988329600,1468800,393120000,32944320,7689600
"34",10,1928,109123200,1987200,11232000,3520103.22580645,2851200
"35",11,1928,62985600,1555200,2764800,2099520,2116800
"36",12,1928,61084800,1641600,2678400,1970477.41935484,1900800
"37",1,1929,69120000,1641600,3801600,2229677.41935484,1987200
"38",2,1929,899942400,1468800,443232000,32140800,7084800
"39",3,1929,1279929600,10022400,404352000,41288051.6129032,20131200
"40",4,1929,681696000,5356800,273024000,22723200,10065600
"41",5,1929,302400000,3715200,27993600,9754838.70967742,7948800
"42",6,1929,289699200,2505600,53740800,9656640,4665600
"43",7,1929,383356800,1814400,112320000,12366348.3870968,4147200
"44",8,1929,421718400,1555200,141696000,13603819.3548387,6480000
"45",9,1929,106444800,2073600,9158400,3548160,3110400
"46",10,1929,1355356800,3456000,855360000,43721187.0967742,5097600
"47",11,1929,440208000,4060800,58752000,14673600,10065600
"48",12,1929,396316800,6048000,81734400,12784412.9032258,9849600
"49",1,1930,476582400,4665600,56332800,15373625.8064516,11232000
"50",2,1930,588988800,6220800,1.08e+08,21035314.2857143,11923200
"51",3,1930,223344000,4752000,19353600,7204645.16129032,5875200
"52",4,1930,223603200,3196800,34128000,7453440,5227200
"53",5,1930,272678400,2246400,93312000,8796077.41935484,3456000
"54",6,1930,106980480,1581120,24364800,3566016,2332800
"55",7,1930,413354880,691200,241056000,13334028.3870968,2419200
"56",8,1930,42379200,492480,8121600,1367070.96774194,820800
"57",9,1930,26619840,371520,5356800,887328,527040
"58",10,1930,7223040,129600,397440,233001.290322581,233280
"59",11,1930,18195840,190080,1036800,606528,578880
"60",12,1930,141350400,432000,34041600,4559690.32258064,1728000
"61",1,1931,252460800,3110400,41990400,8143896.77419355,4492800
"62",2,1931,107395200,1987200,7430400,3835542.85714286,3326400
"63",3,1931,326592000,2937600,62985600,10535225.8064516,5443200
"64",4,1931,807753600,5443200,207360000,26925120,11966400
"65",5,1931,875232000,3974400,298080000,28233290.3225806,9504000
"66",6,1931,111957120,1270080,13305600,3731904,2721600
"67",7,1931,115767360,872640,44841600,3734430.96774194,2073600
"68",8,1931,862617600,2246400,214272000,27826374.1935484,10022400
"69",9,1931,52176960,639360,6220800,1739232,1460160
"70",10,1931,29661120,449280,4060800,956810.322580645,743040
"71",11,1931,18947520,259200,2937600,631584,535680
"72",12,1931,89389440,397440,11404800,2883530.32258065,1728000
"73",1,1932,838339200,3110400,253152000,27043200,8294400
"74",2,1932,402451200,5702400,44409600,13877627.5862069,10195200
"75",3,1932,982022400,4665600,350784000,31678141.9354839,10022400
"76",4,1932,317520000,4579200,48038400,10584000,8208000
"77",5,1932,100915200,1728000,6307200,3255329.03225806,3024000
"78",6,1932,103559040,1080000,45705600,3451968,1581120
"79",7,1932,25107840,172800,3283200,809930.322580645,406080
"80",8,1932,14316480,138240,1650240,461821.935483871,380160
"81",9,1932,1952640,34560,146880,65088,56160
"82",10,1932,277058880,86400,116640000,8937383.22580645,1615680
"83",11,1932,530409600,2764800,123552000,17680320,8078400
"84",12,1932,909878400,3369600,127872000,29350916.1290323,15379200
"85",1,1933,560476800,7689600,71539200,18079896.7741935,13132800
"86",2,1933,619401600,7948800,91584000,22121485.7142857,17668800
"87",3,1933,267926400,5011200,25315200,8642787.09677419,7171200
"88",4,1933,632880000,4492800,150336000,21096000,10627200
"89",5,1933,421459200,2592000,148608000,13595458.0645161,6825600
"90",6,1933,123690240,933120,31881600,4123008,2246400
"91",7,1933,35856000,596160,4320000,1156645.16129032,984960
"92",8,1933,62268480,743040,9417600,2008660.64516129,1270080
"93",9,1933,38327040,146880,11836800,1277568,691200
"94",10,1933,3732480,43200,336960,120402.580645161,112320
"95",11,1933,1840320,51840,77760,61344,60480
"96",12,1933,4838400,60480,466560,156077.419354839,112320
"97",1,1934,11482560,267840,604800,370405.161290323,345600
"98",2,1934,193173120,570240,90720000,6899040,889920
"99",3,1934,726451200,3801600,148608000,23433909.6774194,9849600
"100",4,1934,1128816000,4320000,352512000,37627200,12484800
"101",5,1934,451872000,1900800,91584000,14576516.1290323,4147200
"102",6,1934,528249600,3456000,73612800,17608320,9763200
"103",7,1934,241695360,1408320,93312000,7796624.51612903,2592000
"104",8,1934,158509440,864000,45878400,5113207.74193548,2592000
"105",9,1934,1250320320,1477440,427680000,41677344,8380800
"106",10,1934,93268800,1546560,7776000,3008670.96774194,2332800
"107",11,1934,583606080,1615680,354240000,19453536,2160000
"108",12,1934,780537600,5097600,372384000,25178632.2580645,8812800
"109",1,1935,640742400,6480000,114912000,20669109.6774194,12268800
"110",2,1935,414374400,5961600,60048000,14799085.7142857,9676800
"111",3,1935,868320000,7344000,159840000,28010322.5806452,13132800
"112",4,1935,1407456000,9849600,283392000,46915200,20520000
"113",5,1935,276307200,3888000,53395200,8913135.48387097,7171200
"114",6,1935,70234560,898560,4060800,2341152,2203200
"115",7,1935,113918400,1054080,12096000,3674787.09677419,2592000
"116",8,1935,51891840,596160,5616000,1673930.32258065,1235520
"117",9,1935,220294080,596160,121824000,7343136,1775520
"118",10,1935,52462080,475200,17884800,1692325.16129032,872640
"119",11,1935,253756800,1581120,64540800,8458560,3974400
"120",12,1935,278208000,2160000,77155200,8974451.61290323,3801600
"121",1,1936,2038435200,3801600,430272000,65755974.1935484,21168000
"122",2,1936,1232668800,6825600,331776000,42505820.6896552,19008000
"123",3,1936,1287619200,6652800,350784000,41536103.2258065,17193600
"124",4,1936,1585094400,8121600,362880000,52836480,16804800
"125",5,1936,143164800,1900800,7948800,4618219.35483871,4579200
"126",6,1936,150007680,1546560,26956800,5000256,2894400
"127",7,1936,265083840,794880,118368000,8551091.61290323,1728000
"128",8,1936,154690560,984960,80092800,4990018.06451613,1814400
"129",9,1936,56721600,768960,10454400,1890720,1049760
"130",10,1936,114238080,959040,41817600,3685099.35483871,1728000
"131",11,1936,48435840,872640,4665600,1614528,1546560
"132",12,1936,449556480,1615680,83462400,14501821.9354839,7948800
"133",1,1937,1949702400,13478400,339552000,62893625.8064516,30672000
"134",2,1937,614995200,10972800,61171200,21964114.2857143,16718400
"135",3,1937,405820800,7430400,26092800,13090993.5483871,11836800
"136",4,1937,1247529600,6048000,375840000,41584320,12096000
"137",5,1937,240883200,3024000,18144000,7770425.80645161,6566400
"138",6,1937,249091200,2764800,27302400,8303040,4752000
"139",7,1937,204854400,1900800,41558400,6608206.4516129,2937600
"140",8,1937,528249600,2505600,100224000,17040309.6774194,6912000
"141",9,1937,211593600,1200960,71020800,7053120,2894400
"142",10,1937,279936000,1468800,40521600,9030193.5483871,4492800
"143",11,1937,169689600,2332800,40435200,5656320,3844800
"144",12,1937,122688000,2505600,9158400,3957677.41935484,3283200
"145",1,1938,539654400,4579200,160704000,17408206.4516129,10108800
"146",2,1938,191980800,4320000,21686400,6856457.14285714,5486400
"147",3,1938,343008000,4147200,88992000,11064774.1935484,7084800
"148",4,1938,327024000,2851200,1.08e+08,10900800,5140800
"149",5,1938,95990400,1641600,10454400,3096464.51612903,2332800
"150",6,1938,1429228800,1987200,455328000,47640960,13651200
"151",7,1938,1937433600,4838400,777600000,62497858.0645161,18662400
"152",8,1938,270950400,1468800,38016000,8740335.48387097,5356800
"153",9,1938,111024000,1382400,17539200,3700800,2073600
"154",10,1938,59702400,1468800,4838400,1925883.87096774,1641600
"155",11,1938,322704000,1555200,180576000,10756800,2030400
"156",12,1938,473126400,3888000,107136000,15262141.9354839,7430400
"157",1,1939,516844800,5443200,69811200,16672412.9032258,11664000
"158",2,1939,1027296000,10713600,165024000,36689142.8571429,19915200
"159",3,1939,1100304000,8985600,156384000,35493677.4193548,20908800
"160",4,1939,545356800,6998400,92448000,18178560,13305600
"161",5,1939,552182400,3628800,203040000,17812335.483871,6825600
"162",6,1939,194140800,2160000,39139200,6471360,4363200
"163",7,1939,465436800,2332800,130464000,15014090.3225806,7344000
"164",8,1939,1153440000,1900800,241920000,37207741.9354839,10368000
"165",9,1939,148867200,2332800,15638400,4962240,3542400
"166",10,1939,84412800,1296000,13824000,2722993.5483871,2246400
"167",11,1939,102816000,1987200,8035200,3427200,2462400
"168",12,1939,141264000,1900800,35424000,4556903.22580645,2332800
"169",1,1940,205027200,2937600,38620800,6613780.64516129,4320000
"170",2,1940,980294400,4147200,210816000,33803255.1724138,16070400
"171",3,1940,456796800,7603200,79142400,14735380.6451613,10108800
"172",4,1940,364348800,4838400,51667200,12144960,8985600
"173",5,1940,655776000,3110400,176256000,21154064.516129,5097600
"174",6,1940,402278400,3283200,162432000,13409280,5529600
"175",7,1940,97804800,1814400,8553600,3154993.5483871,2592000
"176",8,1940,776390400,1036800,147744000,25044851.6129032,4838400
"177",9,1940,78969600,1036800,7430400,2632320,2505600
"178",10,1940,30620160,267840,1728000,987747.096774194,1036800
"179",11,1940,625276800,1123200,2.16e+08,20842560,5270400
"180",12,1940,302227200,3110400,72662400,9749264.51612903,4406400
"181",1,1941,404179200,5356800,52790400,13038038.7096774,9158400
"182",2,1941,193190400,4752000,32054400,6899657.14285714,5572800
"183",3,1941,455414400,4492800,77068800,14690787.0967742,7516800
"184",4,1941,350697600,4147200,50803200,11689920,8208000
"185",5,1941,75600000,1209600,3974400,2438709.67741935,2419200
"186",6,1941,75029760,812160,8553600,2500992,1900800
"187",7,1941,85104000,950400,6998400,2745290.32258065,2246400
"188",8,1941,24148800,397440,2073600,778993.548387097,691200
"189",9,1941,37342080,181440,9158400,1244736,561600
"190",10,1941,3326400,69120,155520,107303.225806452,95040
"191",11,1941,2583360,77760,95040,86112,86400
"192",12,1941,11171520,86400,665280,360371.612903226,380160
"193",1,1942,17962560,440640,950400,579437.419354839,501120
"194",2,1942,159528960,717120,84931200,5697462.85714286,1857600
"195",3,1942,398131200,1468800,131328000,12842941.9354839,6307200
"196",4,1942,80611200,1296000,6480000,2687040,2419200
"197",5,1942,574905600,1209600,204768000,18545341.9354839,3974400
"198",6,1942,107740800,1209600,19872000,3591360,2246400
"199",7,1942,133315200,1123200,21772800,4300490.32258064,2678400
"200",8,1942,432604800,1209600,116640000,13954993.5483871,5270400
"201",9,1942,164738880,838080,44496000,5491296,2678400
"202",10,1942,756086400,1296000,338688000,24389883.8709677,7862400
"203",11,1942,457660800,3369600,249696000,15255360,4579200
"204",12,1942,761875200,7776000,215136000,24576619.3548387,12960000
"205",1,1943,732931200,6393600,151200000,23642941.9354839,12355200
"206",2,1943,773539200,6566400,239328000,27626400,13910400
"207",3,1943,710985600,5875200,133920000,22935019.3548387,13996800
"208",4,1943,505785600,6307200,148608000,16859520,9072000
"209",5,1943,169603200,2678400,31968000,5471070.96774194,4492800
"210",6,1943,101606400,1209600,15984000,3386880,2721600
"211",7,1943,134421120,691200,48297600,4336165.16129032,1987200
"212",8,1943,13832640,129600,1555200,446214.193548387,362880
"213",9,1943,21643200,216000,2332800,721440,565920
"214",10,1943,6384960,103680,466560,205966.451612903,164160
"215",11,1943,10074240,112320,613440,335808,328320
"216",12,1943,33920640,276480,7344000,1094214.19354839,345600
"217",1,1944,319852800,1814400,69465600,10317832.2580645,3196800
"218",2,1944,589420800,1555200,111456000,20324855.1724138,12960000
"219",3,1944,1017100800,5875200,129600000,32809703.2258065,17971200
"220",4,1944,981158400,7603200,439776000,32705280,12700800
"221",5,1944,273196800,2332800,73958400,8812800,4579200
"222",6,1944,70502400,864000,5011200,2350080,2289600
"223",7,1944,120683520,345600,64108800,3893016.77419355,1209600
"224",8,1944,115352640,518400,36547200,3721052.90322581,1296000
"225",9,1944,1236237120,233280,517536000,41207904,1641600
"226",10,1944,412560000,3110400,95904000,13308387.0967742,6220800
"227",11,1944,388713600,1468800,155520000,12957120,3888000
"228",12,1944,442540800,5616000,100224000,14275509.6774194,9331200
"229",1,1945,440640000,5443200,55987200,14214193.5483871,10022400
"230",2,1945,997056000,4752000,205632000,35609142.8571429,17884800
"231",3,1945,360633600,5184000,36374400,11633341.9354839,8726400
"232",4,1945,266025600,3456000,54086400,8867520,4838400
"233",5,1945,192240000,3024000,17280000,6201290.32258064,4579200
"234",6,1945,145065600,1728000,50803200,4835520,2505600
"235",7,1945,730166400,1555200,155520000,23553754.8387097,7776000
"236",8,1945,362275200,3110400,105408000,11686296.7741935,4665600
"237",9,1945,1678060800,2851200,837216000,55935360,6868800
"238",10,1945,152323200,3196800,14947200,4913651.61290323,4320000
"239",11,1945,111369600,2937600,7344000,3712320,3456000
"240",12,1945,959126400,2678400,224640000,30939561.2903226,8812800
"241",1,1946,808617600,10886400,103680000,26084438.7096774,19008000
"242",2,1946,870739200,9676800,240192000,31097828.5714286,15552000
"243",3,1946,292118400,6825600,17884800,9423174.19354839,8467200
"244",4,1946,195868800,4492800,11318400,6528960,6048000
"245",5,1946,242611200,3456000,36374400,7826167.74193548,6480000
"246",6,1946,91584000,1296000,9158400,3052800,2592000
"247",7,1946,314841600,1382400,136512000,10156180.6451613,3196800
"248",8,1946,37255680,812160,1814400,1201796.12903226,1123200
"249",9,1946,36296640,440640,4060800,1209888,907200
"250",10,1946,57067200,665280,11836800,1840877.41935484,1036800
"251",11,1946,101347200,1036800,29116800,3378240,1296000
"252",12,1946,86400000,1382400,11491200,2787096.77419355,2073600
"253",1,1947,758073600,2592000,175392000,24453987.0967742,11059200
"254",2,1947,170208000,3715200,11577600,6078857.14285714,4924800
"255",3,1947,463622400,6652800,56160000,14955561.2903226,9417600
"256",4,1947,306115200,4320000,31708800,10203840,7473600
"257",5,1947,124675200,2073600,8553600,4021780.64516129,3542400
"258",6,1947,59270400,1209600,2937600,1975680,1857600
"259",7,1947,44280000,233280,7516800,1428387.09677419,1036800
"260",8,1947,87462720,570240,24364800,2821378.06451613,1123200
"261",9,1947,210911040,362880,153792000,7030368,1036800
"262",10,1947,150940800,950400,34387200,4869058.06451613,2851200
"263",11,1947,1023926400,2592000,133056000,34130880,20390400
"264",12,1947,237254400,4665600,38361600,7653367.74193548,6134400
"265",1,1948,462326400,3801600,138240000,14913754.8387097,8121600
"266",2,1948,1366588800,7084800,419040000,47123751.7241379,23328000
"267",3,1948,779932800,9072000,151200000,25159122.5806452,16416000
"268",4,1948,677808000,6048000,155520000,22593600,13651200
"269",5,1948,536284800,2505600,302400000,17299509.6774194,4838400
"270",6,1948,189302400,1036800,35510400,6310080,4968000
"271",7,1948,154483200,1036800,39916800,4983329.03225806,2505600
"272",8,1948,138931200,1209600,31622400,4481651.61290323,2505600
"273",9,1948,102409920,527040,80092800,3413664,760320
"274",10,1948,314582400,2332800,151200000,10147819.3548387,3024000
"275",11,1948,1132790400,2246400,281664000,37759680,12571200
"276",12,1948,991094400,9504000,212544000,31970787.0967742,14774400
"277",1,1949,658195200,8899200,139968000,21232103.2258065,14515200
"278",2,1949,798940800,11491200,118368000,28533600,20649600
"279",3,1949,445996800,6825600,58924800,14386993.5483871,10368000
"280",4,1949,427420800,6912000,5.4e+07,14247360,9849600
"281",5,1949,447811200,3628800,100224000,14445522.5806452,7084800
"282",6,1949,74563200,1555200,3542400,2485440,2635200
"283",7,1949,145756800,1209600,42336000,4701832.25806452,1814400
"284",8,1949,236736000,1296000,85708800,7636645.16129032,3801600
"285",9,1949,114912000,1641600,23241600,3830400,2548800
"286",10,1949,258854400,1209600,106272000,8350141.93548387,1555200
"287",11,1949,376272000,3283200,124416000,12542400,4622400
"288",12,1949,206928000,2764800,33004800,6675096.77419355,5184000
"289",1,1950,278294400,3715200,35078400,8977238.70967742,6566400
"290",2,1950,267753600,5702400,23068800,9562628.57142857,8726400
"291",3,1950,346636800,4838400,89856000,11181832.2580645,5702400
"292",4,1950,139017600,3283200,6307200,4633920,4363200
"293",5,1950,300585600,2678400,57888000,9696309.67741936,6307200
"294",6,1950,406684800,1987200,146880000,13556160,5227200
"295",7,1950,418176000,4924800,57024000,13489548.3870968,7516800
"296",8,1950,113788800,950400,29289600,3670606.4516129,1641600
"297",9,1950,96655680,751680,23846400,3221856,1641600
"298",10,1950,79228800,1123200,11145600,2555767.74193548,1814400
"299",11,1950,57542400,1296000,4492800,1918080,1728000
"300",12,1950,284342400,1900800,50716800,9172335.48387097,4147200
"301",1,1951,165196800,3110400,22464000,5328929.03225806,4233600
"302",2,1951,297561600,5011200,35769600,10627200,7992000
"303",3,1951,486259200,5011200,95904000,15685780.6451613,9331200
"304",4,1951,680486400,5529600,132192000,22682880,9374400
"305",5,1951,114998400,1728000,7257600,3709625.80645161,3110400
"306",6,1951,298339200,1555200,79488000,9944640,4320000
"307",7,1951,143769600,1900800,40003200,4637729.03225806,2937600
"308",8,1951,32909760,380160,2160000,1061605.16129032,829440
"309",9,1951,13495680,354240,613440,449856,449280
"310",10,1951,7966080,207360,380160,256970.322580645,233280
"311",11,1951,25816320,423360,2937600,860544,639360
"312",12,1951,507072960,613440,316224000,16357192.2580645,3542400
"313",1,1952,702172800,3369600,146880000,22650735.483871,6912000
"314",2,1952,655603200,6393600,133920000,22607006.8965517,12096000
"315",3,1952,1488412800,9590400,425088000,48013316.1290323,23328000
"316",4,1952,529372800,4147200,72489600,17645760,7473600
"317",5,1952,280022400,3801600,44755200,9032980.64516129,6134400
"318",6,1952,108604800,1555200,15033600,3620160,2808000
"319",7,1952,328320000,1036800,85795200,10590967.7419355,2246400
"320",8,1952,538272000,1987200,176256000,17363612.9032258,4838400
"321",9,1952,516412800,2419200,373248000,17213760,3585600
"322",10,1952,66700800,1382400,4924800,2151638.70967742,1987200
"323",11,1952,924393600,1555200,517536000,30813120,3974400
"324",12,1952,396576000,5443200,98496000,12792774.1935484,7603200
"325",1,1953,990403200,9849600,181440000,31948490.3225806,17452800
"326",2,1953,853545600,9158400,205632000,30483771.4285714,16675200
"327",3,1953,1164585600,11059200,343008000,37567277.4193548,19267200
"328",4,1953,440726400,5616000,78192000,14690880,10800000
"329",5,1953,155001600,2246400,15552000,5000051.61290323,4060800
"330",6,1953,555033600,1728000,305856000,18501120,3715200
"331",7,1953,72066240,734400,16502400,2324717.41935484,1555200
"332",8,1953,12864960,233280,708480,414998.709677419,380160
"333",9,1953,8026560,103680,1036800,267552,216000
"334",10,1953,7110720,95040,717120,229378.064516129,198720
"335",11,1953,5348160,103680,285120,178272,146880
"336",12,1953,67383360,336960,25920000,2173656.77419355,864000
"337",1,1954,681488640,449280,123552000,21983504.516129,4752000
"338",2,1954,157161600,2592000,25660800,5612914.28571429,4060800
"339",3,1954,791337600,4492800,256608000,25527019.3548387,9417600
"340",4,1954,383270400,3110400,99360000,12775680,6998400
"341",5,1954,196819200,2160000,37497600,6349006.4516129,3196800
"342",6,1954,161049600,1036800,92448000,5368320,1728000
"343",7,1954,95964480,388800,51840000,3095628.38709677,864000
"344",8,1954,25125120,241920,3974400,810487.741935484,578880
"345",9,1954,2738880,51840,198720,91296,69120
"346",10,1954,90495360,43200,49248000,2919205.16129032,259200
"347",11,1954,78399360,198720,31017600,2613312,578880
"348",12,1954,234057600,1382400,82771200,7550245.16129032,3369600
"349",1,1955,120960000,1382400,11750400,3901935.48387097,2592000
"350",2,1955,473904000,2419200,122688000,16925142.8571429,8294400
"351",3,1955,754790400,5184000,160704000,24348077.4193548,16329600
"352",4,1955,514080000,3542400,177984000,17136000,6739200
"353",5,1955,203644800,2332800,42249600,6569187.09677419,3369600
"354",6,1955,56937600,864000,4579200,1897920,1641600
"355",7,1955,591926400,544320,385344000,19094400,2592000
"356",8,1955,1125532800,1382400,602208000,36307509.6774194,4060800
"357",9,1955,128044800,2419200,13392000,4268160,3110400
"358",10,1955,647395200,2332800,462240000,20883716.1290323,4060800
"359",11,1955,125798400,2160000,16761600,4193280,3456000
"360",12,1955,89683200,2246400,3974400,2893006.4516129,2764800
"361",1,1956,76982400,1987200,3369600,2483303.22580645,2419200
"362",2,1956,703641600,2246400,95040000,24263503.4482759,13910400
"363",3,1956,597369600,5875200,228096000,19269987.0967742,7776000
"364",4,1956,617414400,5097600,175392000,20580480,8640000
"365",5,1956,558662400,2592000,317952000,18021367.7419355,5097600
"366",6,1956,131587200,1123200,43632000,4386240,2160000
"367",7,1956,76161600,760320,17107200,2456825.80645161,1641600
"368",8,1956,85518720,613440,22809600,2758668.38709677,1468800
"369",9,1956,73267200,371520,22550400,2442240,907200
"370",10,1956,177318720,760320,43977600,5719958.70967742,1987200
"371",11,1956,150163200,2592000,19267200,5005440,3499200
"372",12,1956,265507200,1987200,49161600,8564748.38709677,4579200
"373",1,1957,362793600,2246400,130464000,11703019.3548387,3628800
"374",2,1957,1106784000,7776000,355104000,39528000,15984000
"375",3,1957,571536000,7776000,121824000,18436645.1612903,11750400
"376",4,1957,595900800,5961600,223776000,19863360,8985600
"377",5,1957,133920000,1987200,15552000,4320000,3542400
"378",6,1957,106790400,950400,38188800,3559680,2116800
"379",7,1957,29496960,535680,3283200,951514.838709677,760320
"380",8,1957,132382080,241920,76809600,4270389.67741936,864000
"381",9,1957,51606720,794880,10108800,1720224,950400
"382",10,1957,71832960,639360,17625600,2317192.25806452,950400
"383",11,1957,462499200,950400,171936000,15416640,2851200
"384",12,1957,482976000,5875200,95040000,15579870.9677419,9676800
"385",1,1958,875664000,4838400,240192000,28247225.8064516,9936000
"386",2,1958,638496000,6480000,168480000,22803428.5714286,10843200
"387",3,1958,539827200,7430400,57024000,17413780.6451613,13132800
"388",4,1958,982108800,6998400,219456000,32736960,17107200
"389",5,1958,714355200,4406400,174528000,23043716.1290323,9072000
"390",6,1958,133401600,1987200,28339200,4446720,3542400
"391",7,1958,219456000,1555200,52876800,7079225.80645161,3974400
"392",8,1958,182304000,1555200,34646400,5880774.19354839,3024000
"393",9,1958,25410240,483840,1987200,847008,686880
"394",10,1958,27345600,483840,2246400,882116.129032258,699840
"395",11,1958,33713280,777600,3628800,1123776,864000
"396",12,1958,639446400,950400,328320000,20627303.2258065,1209600
"397",1,1959,355881600,4665600,55641600,11480051.6129032,7084800
"398",2,1959,521078400,4924800,97632000,18609942.8571429,9849600
"399",3,1959,389923200,4492800,95040000,12578167.7419355,8035200
"400",4,1959,736905600,6134400,127872000,24563520,13910400
"401",5,1959,151286400,2592000,9849600,4880206.4516129,4492800
"402",6,1959,462326400,1209600,311904000,15410880,3456000
"403",7,1959,165456000,699840,25142400,5337290.32258064,2246400
"404",8,1959,104267520,846720,19785600,3363468.38709677,2332800
"405",9,1959,87004800,457920,23932800,2900160,1080000
"406",10,1959,599788800,1296000,116640000,19348025.8064516,6480000
"407",11,1959,512352000,3888000,165024000,17078400,5443200
"408",12,1959,648950400,5270400,257472000,20933883.8709677,8899200
"409",1,1960,606096000,5875200,197856000,19551483.8709677,8726400
"410",2,1960,1667347200,17107200,195264000,57494731.0344828,33696000
"411",3,1960,1136160000,11664000,121824000,36650322.5806452,16761600
"412",4,1960,917913600,7084800,239328000,30597120,12398400
"413",5,1960,495072000,3369600,112320000,15970064.516129,6912000
"414",6,1960,101001600,1555200,10627200,3366720,2678400
"415",7,1960,100033920,777600,21340800,3226900.64516129,1382400
"416",8,1960,278035200,1209600,105408000,8968877.41935484,2678400
"417",9,1960,295920000,2160000,57715200,9864000,4233600
"418",10,1960,132624000,2505600,14947200,4278193.5483871,3196800
"419",11,1960,85104000,2332800,3888000,2836800,2678400
"420",12,1960,138240000,2246400,29894400,4459354.83870968,3369600
"421",1,1961,295833600,3283200,54345600,9543019.35483871,5184000
"422",2,1961,1015027200,5097600,219456000,36250971.4285714,20088000
"423",3,1961,729475200,7948800,95040000,23531458.0645161,16416000
"424",4,1961,717638400,6480000,129600000,23921280,15422400
"425",5,1961,483494400,3801600,1.08e+08,15596593.5483871,5961600
"426",6,1961,315273600,2764800,32572800,10509120,6220800
"427",7,1961,246758400,2592000,35683200,7959948.38709677,4406400
"428",8,1961,512956800,1900800,101952000,16546993.5483871,5875200
"429",9,1961,83030400,1382400,5270400,2767680,2635200
"430",10,1961,38940480,734400,3196800,1256144.51612903,1123200
"431",11,1961,44928000,950400,4838400,1497600,1252800
"432",12,1961,430185600,1209600,100224000,13876954.8387097,7257600
"433",1,1962,1695859200,9849600,373248000,54705135.483871,21168000
"434",2,1962,1111363200,9158400,320544000,39691542.8571429,18964800
"435",3,1962,944611200,11750400,162432000,30471329.0322581,21945600
"436",4,1962,1032220800,7430400,169344000,34407360,17841600
"437",5,1962,144028800,2592000,10540800,4646090.32258064,4665600
"438",6,1962,313891200,3024000,57888000,10463040,5616000
"439",7,1962,104284800,1814400,8294400,3364025.80645161,2937600
"440",8,1962,272246400,2332800,52876800,8782141.93548387,3456000
"441",9,1962,76204800,950400,18835200,2540160,1555200
"442",10,1962,34611840,846720,1814400,1116510.96774194,950400
"443",11,1962,743644800,1036800,304992000,24788160,7948800
"444",12,1962,378172800,3801600,85968000,12199122.5806452,5529600
"445",1,1963,496195200,6307200,83808000,16006296.7741935,9590400
"446",2,1963,477878400,7257600,46742400,17067085.7142857,12398400
"447",3,1963,1293321600,8035200,468288000,41720051.6129032,20217600
"448",4,1963,183859200,3801600,11750400,6128640,5788800
"449",5,1963,117072000,2419200,14860800,3776516.12903226,3024000
"450",6,1963,53308800,1036800,2937600,1776960,1641600
"451",7,1963,66787200,950400,9590400,2154425.80645161,1296000
"452",8,1963,104915520,302400,27993600,3384371.61290323,1382400
"453",9,1963,32149440,380160,6566400,1071648,699840
"454",10,1963,16130880,164160,2851200,520350.967741935,259200
"455",11,1963,339845760,216000,136512000,11328192,1987200
"456",12,1963,242352000,3369600,23328000,7817806.4516129,5702400
"457",1,1964,702172800,7689600,93312000,22650735.483871,14169600
"458",2,1964,828835200,6912000,153792000,28580524.137931,14601600
"459",3,1964,463276800,6566400,44409600,14944412.9032258,10800000
"460",4,1964,428630400,4752000,74908800,14287680,6523200
"461",5,1964,87004800,1641600,4752000,2806606.4516129,2592000
"462",6,1964,76032000,803520,24537600,2534400,1468800
"463",7,1964,87773760,691200,26092800,2831411.61290323,1641600
"464",8,1964,90927360,613440,33350400,2933140.64516129,1036800
"465",9,1964,128632320,544320,47520000,4287744,1252800
"466",10,1964,312474240,682560,144288000,10079814.1935484,2851200
"467",11,1964,113356800,2073600,22809600,3778560,2376000
"468",12,1964,319593600,3196800,66787200,10309470.9677419,6048000
"469",1,1965,293932800,4320000,49939200,9481703.22580645,5788800
"470",2,1965,795916800,6220800,205632000,28425600,12700800
"471",3,1965,841622400,7257600,191808000,27149109.6774194,15120000
"472",4,1965,474768000,5184000,168480000,15825600,7473600
"473",5,1965,140486400,2592000,12614400,4531819.35483871,3628800
"474",6,1965,228182400,1555200,90720000,7606080,3369600
"475",7,1965,352771200,2332800,67996800,11379716.1290323,3715200
"476",8,1965,129600000,1468800,23241600,4180645.16129032,2937600
"477",9,1965,33937920,855360,1555200,1131264,1123200
"478",10,1965,35622720,673920,3369600,1149120,950400
"479",11,1965,28486080,682560,1468800,949536,950400
"480",12,1965,21098880,630720,829440,680609.032258064,673920
"481",1,1966,86425920,656640,26611200,2787932.90322581,1296000
"482",2,1966,899942400,2764800,153792000,32140800,17150400
"483",3,1966,628473600,4406400,204768000,20273341.9354839,6307200
"484",4,1966,104889600,2851200,4665600,3496320,3456000
"485",5,1966,268704000,2678400,58320000,8667870.96774193,4665600
"486",6,1966,58052160,855360,4060800,1935072,1641600
"487",7,1966,13815360,216000,812160,445656.774193548,423360
"488",8,1966,133738560,216000,17280000,4314147.09677419,2160000
"489",9,1966,91454400,69120,63504000,3048480,254880
"490",10,1966,70511040,328320,15465600,2274549.67741935,1209600
"491",11,1966,51840000,1123200,4924800,1728000,1512000
"492",12,1966,163814400,1123200,56160000,5284335.48387097,1987200
"493",1,1967,262051200,3801600,26784000,8453264.51612903,7257600
"494",2,1967,481075200,3110400,97632000,17181257.1428571,8121600
"495",3,1967,193881600,3715200,25056000,6254245.16129032,5184000
"496",4,1967,130464000,2419200,28080000,4348800,3110400
"497",5,1967,91152000,1641600,6393600,2940387.09677419,2851200
"498",6,1967,297190080,838080,201312000,9906336,1900800
"499",7,1967,152496000,1209600,62208000,4919225.80645161,2678400
"500",8,1967,50146560,527040,6220800,1617630.96774194,1209600
"501",9,1967,24459840,397440,1728000,815328,799200
"502",10,1967,17867520,259200,1382400,576371.612903226,544320
"503",11,1967,19301760,457920,1555200,643392,488160
"504",12,1967,507081600,1036800,103680000,16357470.9677419,8812800
"505",1,1968,654912000,6480000,173664000,21126193.5483871,12528000
"506",2,1968,162691200,3715200,14083200,5610041.37931035,4838400
"507",3,1968,600307200,3715200,128736000,19364748.3870968,9244800
"508",4,1968,193536000,3456000,19353600,6451200,5270400
"509",5,1968,477100800,2160000,247104000,15390348.3870968,3456000
"510",6,1968,99619200,1036800,7344000,3320640,3067200
"511",7,1968,75254400,570240,23328000,2427561.29032258,1036800
"512",8,1968,18273600,146880,2332800,589470.967741936,483840
"513",9,1968,1836000,23328,129600,61200,51408
"514",10,1968,5724864,23328,552960,184673.032258065,138240
"515",11,1968,76040640,120960,15120000,2534688,1036800
"516",12,1968,146508480,838080,14256000,4726080,3369600
"517",1,1969,326851200,1728000,116640000,10543587.0967742,4838400
"518",2,1969,466732800,4406400,101088000,16669028.5714286,7516800
"519",3,1969,894931200,5184000,185760000,28868748.3870968,13824000
"520",4,1969,569116800,5011200,223776000,18970560,6868800
"521",5,1969,136080000,2332800,18403200,4389677.41935484,3369600
"522",6,1969,241056000,1814400,57369600,8035200,3758400
"523",7,1969,77414400,950400,12441600,2497238.70967742,1728000
"524",8,1969,79583040,518400,13910400,2567194.83870968,1382400
"525",9,1969,54406080,233280,7344000,1813536,1166400
"526",10,1969,69059520,717120,17884800,2227726.4516129,950400
"527",11,1969,29160000,829440,1382400,972000,950400
"528",12,1969,210556800,950400,38880000,6792154.83870968,2678400
"529",1,1970,132537600,2505600,13392000,4275406.4516129,3456000
"530",2,1970,529027200,4665600,174528000,18893828.5714286,7862400
"531",3,1970,362016000,4406400,56419200,11677935.483871,7171200
"532",4,1970,535939200,5443200,88992000,17864640,8726400
"533",5,1970,236044800,2073600,54864000,7614348.38709677,4147200
"534",6,1970,92880000,864000,35424000,3096000,1900800
"535",7,1970,473031360,794880,311904000,15259076.1290323,1900800
"536",8,1970,84179520,725760,22896000,2715468.38709677,1382400
"537",9,1970,12441600,267840,656640,414720,397440
"538",10,1970,16632000,120960,3715200,536516.129032258,276480
"539",11,1970,295574400,864000,84844800,9852480,2808000
"540",12,1970,142819200,1641600,17971200,4607070.96774194,2246400
"541",1,1971,323222400,3888000,27561600,10426529.0322581,8640000
"542",2,1971,816566400,7776000,120960000,29163085.7142857,19440000
"543",3,1971,572486400,5702400,112320000,18467303.2258065,9936000
"544",4,1971,431654400,4665600,88992000,14388480,7992000
"545",5,1971,635299200,3024000,175392000,20493522.5806452,4924800
"546",6,1971,134611200,1814400,15292800,4487040,3801600
"547",7,1971,77068800,1123200,7776000,2486090.32258065,2160000
"548",8,1971,316310400,1036800,86400000,10203561.2903226,3196800
"549",9,1971,724118400,1555200,259200000,24137280,3456000
"550",10,1971,1502841600,5875200,512352000,48478761.2903226,12960000
"551",11,1971,542073600,4665600,141696000,18069120,7776000
"552",12,1971,356400000,6739200,34819200,11496774.1935484,10195200
"553",1,1972,270345600,5616000,25574400,8720825.80645161,7257600
"554",2,1972,887760000,5788800,122688000,30612413.7931034,17193600
"555",3,1972,273801600,6220800,17625600,8832309.67741936,7689600
"556",4,1972,464572800,6134400,61516800,15485760,10152000
"557",5,1972,520732800,5270400,72835200,16797832.2580645,9417600
"558",6,1972,493430400,2160000,220320000,16447680,3715200
"559",7,1972,144633600,1728000,25228800,4665600,3628800
"560",8,1972,76066560,639360,16675200,2453760,1555200
"561",9,1972,138862080,622080,75513600,4628736,1080000
"562",10,1972,858816000,3110400,313632000,27703741.9354839,6480000
"563",11,1972,1050624000,5270400,205632000,35020800,18057600
"564",12,1972,1127865600,10540800,228960000,36382761.2903226,17971200
"565",1,1973,650160000,10540800,69206400,20972903.2258065,16070400
"566",2,1973,1153180800,7516800,485568000,41185028.5714286,13953600
"567",3,1973,1307577600,16848000,125280000,42179922.5806452,30499200
"568",4,1973,1221523200,8726400,221184000,40717440,18619200
"569",5,1973,338774400,4752000,42508800,10928206.4516129,7430400
"570",6,1973,343008000,2937600,190080000,11433600,4708800
"571",7,1973,253065600,2678400,87264000,8163406.4516129,4492800
"572",8,1973,632102400,2505600,3.24e+08,20390400,4924800
"573",9,1973,49766400,864000,2678400,1658880,1728000
"574",10,1973,23483520,544320,1123200,757532.903225806,734400
"575",11,1973,33333120,794880,1814400,1111104,1123200
"576",12,1973,564278400,1123200,257472000,18202529.0322581,7430400
"577",1,1974,940636800,6998400,87264000,30343122.5806452,23760000
"578",2,1974,695952000,11232000,88128000,24855428.5714286,19137600
"579",3,1974,511315200,7257600,73008000,16494038.7096774,11750400
"580",4,1974,374457600,5097600,41644800,12481920,9936000
"581",5,1974,493344000,4752000,61171200,15914322.5806452,9849600
"582",6,1974,121996800,1987200,11404800,4066560,3369600
"583",7,1974,47260800,786240,2937600,1524541.93548387,1555200
"584",8,1974,320976000,950400,76291200,10354064.516129,4665600
"585",9,1974,1197504000,2764800,711072000,39916800,5918400
"586",10,1974,78710400,1814400,4060800,2539045.16129032,2505600
"587",11,1974,81820800,2160000,4665600,2727360,2462400
"588",12,1974,360460800,3542400,67219200,11627767.7419355,7344000
"589",1,1975,1554595200,6134400,322272000,50148232.2580645,20390400
"590",2,1975,743385600,9936000,173664000,26549485.7142857,16718400
"591",3,1975,2390774400,7344000,607392000,77121754.8387097,26524800
"592",4,1975,347500800,5875200,27561600,11583360,9892800
"593",5,1975,306979200,4406400,41644800,9902554.83870968,6825600
"594",6,1975,111888000,1555200,12960000,3729600,2894400
"595",7,1975,2137363200,1382400,855360000,68947200,9936000
"596",8,1975,126576000,1468800,24105600,4083096.77419355,3024000
"597",9,1975,404697600,1209600,105408000,13489920,2246400
"598",10,1975,113270400,2246400,6998400,3653883.87096774,3369600
"599",11,1975,159667200,2073600,48816000,5322240,3628800
"600",12,1975,213580800,3196800,33696000,6889703.22580645,3801600
"601",1,1976,627264000,5270400,104544000,20234322.5806452,9158400
"602",2,1976,361843200,5529600,93312000,12477351.7241379,7430400
"603",3,1976,224121600,4492800,34214400,7229729.03225806,5356800
"604",4,1976,147830400,2246400,20217600,4927680,3888000
"605",5,1976,81475200,1209600,8121600,2628232.25806452,2073600
"606",6,1976,69569280,760320,8726400,2318976,1555200
"607",7,1976,24554880,172800,4147200,792092.903225806,527040
"608",8,1976,10823328,83808,1987200,349139.612903226,241920
"609",9,1976,6711552,45792,1468800,223718.4,112320
"610",10,1976,74926080,207360,21600000,2416970.32258065,673920
"611",11,1976,63754560,475200,27129600,2125152,950400
"612",12,1976,282700800,1641600,31968000,9119380.64516129,6134400
"613",1,1977,331084800,2592000,85104000,10680154.8387097,3888000
"614",2,1977,163728000,2073600,42076800,5847428.57142857,3412800
"615",3,1977,563241600,6307200,70588800,18169083.8709677,10800000
"616",4,1977,170467200,2073600,24451200,5682240,4060800
"617",5,1977,75945600,1123200,8812800,2449858.06451613,1900800
"618",6,1977,28123200,475200,1987200,937440,907200
"619",7,1977,25880256,54432,9072000,834846.967741936,224640
"620",8,1977,7839936,47520,544320,252901.161290323,276480
"621",9,1977,23061888,54432,11750400,768729.6,78624
"622",10,1977,54278208,45792,15724800,1750909.93548387,216000
"623",11,1977,128433600,578880,35251200,4281120,1987200
"624",12,1977,341625600,2851200,49680000,11020180.6451613,7257600
"625",1,1978,1676851200,4233600,3.24e+08,54091974.1935484,25401600
"626",2,1978,224467200,5702400,12355200,8016685.71428571,7603200
"627",3,1978,820627200,6134400,194400000,26471845.1612903,14601600
"628",4,1978,1237161600,4406400,585792000,41238720,6048000
"629",5,1978,1534982400,4924800,345600000,49515561.2903226,15033600
"630",6,1978,141868800,2246400,18662400,4728960,3888000
"631",7,1978,341107200,1036800,129600000,11003458.0645161,2505600
"632",8,1978,282864960,699840,43977600,9124676.12903226,2851200
"633",9,1978,73673280,561600,31104000,2455776,864000
"634",10,1978,18230400,276480,1900800,588077.419354839,362880
"635",11,1978,40271040,285120,5011200,1342368,1080000
"636",12,1978,339465600,2160000,73958400,10950503.2258065,5184000
"637",1,1979,1209340800,7171200,328320000,39010993.5483871,19180800
"638",2,1979,1619568000,7689600,439776000,57841714.2857143,10843200
"639",3,1979,9.18e+08,8553600,332640000,29612903.2258065,17539200
"640",4,1979,458438400,6825600,56246400,15281280,11577600
"641",5,1979,432172800,5011200,100224000,13941058.0645161,6912000
"642",6,1979,338342400,2937600,81475200,11278080,6091200
"643",7,1979,83980800,1123200,6825600,2709058.06451613,2073600
"644",8,1979,104673600,622080,50716800,3376567.74193548,1209600
"645",9,1979,407134080,673920,97632000,13571136,3326400
"646",10,1979,192844800,2505600,25833600,6220800,3801600
"647",11,1979,799200000,2419200,190080000,26640000,8596800
"648",12,1979,201916800,5097600,9244800,6513445.16129032,6307200
"649",1,1980,654998400,4665600,100224000,21128980.6451613,13046400
"650",2,1980,316137600,6998400,26697600,10901296.5517241,8985600
"651",3,1980,864086400,6393600,103680000,27873754.8387097,20736000
"652",4,1980,535766400,6652800,107136000,17858880,11188800
"653",5,1980,313286400,3196800,95040000,10106012.9032258,5184000
"654",6,1980,194659200,1382400,83289600,6488640,2980800
"655",7,1980,64402560,812160,3801600,2077501.93548387,1987200
"656",8,1980,21755520,311040,2592000,701790.967741936,570240
"657",9,1980,48574080,241920,27475200,1619136,375840
"658",10,1980,46120320,250560,8380800,1487752.25806452,950400
"659",11,1980,84214080,838080,13910400,2807136,1728000
"660",12,1980,66009600,1382400,5356800,2129341.93548387,1814400
"661",1,1981,53049600,950400,2851200,1711277.41935484,1641600
"662",2,1981,292896000,1382400,87264000,10460571.4285714,5184000
"663",3,1981,220147200,2505600,40435200,7101522.58064516,3715200
"664",4,1981,156038400,2073600,12096000,5201280,4406400
"665",5,1981,59961600,1036800,4579200,1934245.16129032,1555200
"666",6,1981,74943360,509760,15292800,2498112,1296000
"667",7,1981,384747840,406080,175392000,12411220.6451613,2160000
"668",8,1981,153411840,699840,32486400,4948769.03225806,1987200
"669",9,1981,95307840,406080,24364800,3176928,1166400
"670",10,1981,200093760,319680,96768000,6454637.41935484,2160000
"671",11,1981,49161600,1123200,3196800,1638720,1468800
"672",12,1981,377740800,1036800,62035200,12185187.0967742,5097600
"673",1,1982,951350400,6825600,177120000,30688722.5806452,16416000
"674",2,1982,928713600,9158400,103680000,33168342.8571429,21729600
"675",3,1982,659232000,7171200,78105600,21265548.3870968,15638400
"676",4,1982,236649600,5616000,18230400,7888320,6998400
"677",5,1982,141177600,2678400,9763200,4554116.12903226,3888000
"678",6,1982,956880000,4147200,241056000,31896000,9590400
"679",7,1982,217123200,1814400,51840000,7003974.19354839,4147200
"680",8,1982,580521600,1468800,291168000,18726503.2258065,3283200
"681",9,1982,39484800,950400,2678400,1316160,1080000
"682",10,1982,387840960,682560,158112000,12510998.7096774,1296000
"683",11,1982,153619200,3456000,11491200,5120640,4406400
"684",12,1982,685152000,4579200,157248000,22101677.4193548,8553600
"685",1,1983,444182400,5270400,43286400,14328464.516129,10195200
"686",2,1983,1041292800,6912000,172800000,37189028.5714286,24105600
"687",3,1983,1586563200,11404800,284256000,51179458.0645161,28771200
"688",4,1983,1522800000,12700800,365472000,50760000,26524800
"689",5,1983,522633600,6307200,104544000,16859148.3870968,9590400
"690",6,1983,198633600,2678400,17625600,6621120,5659200
"691",7,1983,67495680,725760,7776000,2177280,1555200
"692",8,1983,15197760,172800,1123200,490250.322580645,414720
"693",9,1983,5983200,76032,734400,199440,168480
"694",10,1983,16498080,55296,6877440,532196.129032258,152064
"695",11,1983,132489216,137376,47606400,4416307.2,958608
"696",12,1983,769608000,1909440,106272000,24826064.516129,10627200
"697",1,1984,768942720,4380480,228096000,24804603.8709677,13219200
"698",2,1984,1222292160,7413120,276480000,42148005.5172414,16761600
"699",3,1984,1595548800,13910400,360288000,51469316.1290323,24364800
"700",4,1984,1190764800,15724800,193536000,39692160,27043200
"701",5,1984,403159680,4207680,75340800,13005150.9677419,10713600
"702",6,1984,162457920,1624320,59097600,5415264,2712960
"703",7,1984,638184960,1650240,283392000,20586611.6129032,3516480
"704",8,1984,142274880,1477440,16329600,4589512.25806452,3162240
"705",9,1984,30920832,373248,2998080,1030694.4,950400
"706",10,1984,43260480,552960,11923200,1395499.35483871,786240
"707",11,1984,43234560,872640,5071680,1441152,1183680
"708",12,1984,196542720,1909440,67824000,6340087.74193548,2609280
"709",1,1985,556718400,2177280,201312000,17958658.0645161,5037120
"710",2,1985,919114560,6428160,203040000,32825520,16502400
"711",3,1985,195834240,4129920,12528000,6317233.5483871,5693760
"712",4,1985,92828160,1900800,4639680,3094272,3192480
"713",5,1985,84741120,1399680,10195200,2733584.51612903,1823040
"714",6,1985,33964704,536544,5469120,1132156.8,920160
"715",7,1985,63840960,260064,16934400,2059385.80645161,838080
"716",8,1985,319239360,343008,88992000,10298043.8709677,3421440
"717",9,1985,46622304,501984,10454400,1554076.8,843696
"718",10,1985,60644160,449280,16588800,1956263.22580645,950400
"719",11,1985,1268611200,950400,295488000,42287040,6739200
"720",12,1985,416707200,4665600,82512000,13442167.7419355,6912000
"721",1,1986,168393600,3628800,21686400,5432051.61290323,4060800
"722",2,1986,215395200,4924800,24278400,7692685.71428571,6480000
"723",3,1986,506390400,4665600,118368000,16335174.1935484,7430400
"724",4,1986,135561600,3024000,6048000,4518720,4320000
"725",5,1986,73353600,1555200,8812800,2366245.16129032,1987200
"726",6,1986,20347200,328320,1382400,678240,695520
"727",7,1986,21718368,83808,4320000,700592.516129032,336960
"728",8,1986,348719040,216000,139104000,11249001.2903226,3110400
"729",9,1986,23405760,146880,2160000,780192,557280
"730",10,1986,16255296,81216,4147200,524364.387096774,224640
"731",11,1986,67737600,1036800,10627200,2257920,1814400
"732",12,1986,499271040,743040,129600000,16105517.4193548,5097600
"733",1,1987,836611200,3974400,262656000,26987458.0645161,11577600
"734",2,1987,1023753600,6307200,162432000,36562628.5714286,16243200
"735",3,1987,1406851200,7603200,738720000,45382296.7741935,14256000
"736",4,1987,781228800,6739200,142560000,26040960,13996800
"737",5,1987,195523200,3110400,43200000,6307200,4752000
"738",6,1987,146188800,1468800,44928000,4872960,2592000
"739",7,1987,155485440,501120,83030400,5015659.35483871,1296000
"740",8,1987,14307840,172800,1555200,461543.225806452,432000
"741",9,1987,52539840,207360,19612800,1751328,367200
"742",10,1987,34032960,198720,14860800,1097837.41935484,354240
"743",11,1987,84067200,146880,17884800,2802240,950400
"744",12,1987,281145600,1468800,56073600,9069212.90322581,4320000
"745",1,1988,488419200,5875200,62726400,15755458.0645161,10022400
"746",2,1988,329616000,5097600,42508800,11366068.9655172,8208000
"747",3,1988,216259200,4579200,19612800,6976103.22580645,5788800
"748",4,1988,241920000,3369600,36028800,8064000,5184000
"749",5,1988,118368000,1728000,10108800,3818322.58064516,3369600
"750",6,1988,39562560,803520,2419200,1318752,1209600
"751",7,1988,14688000,216000,950400,473806.451612903,423360
"752",8,1988,35347104,65664,20304000,1140229.16129032,129600
"753",9,1988,37393920,241920,5702400,1246464,522720
"754",10,1988,91687680,224640,47260800,2957667.09677419,509760
"755",11,1988,351216000,1900800,106272000,11707200,4060800
"756",12,1988,110073600,2246400,8640000,3550761.29032258,3283200
"757",1,1989,191808000,3024000,22032000,6187354.83870968,4665600
"758",2,1989,1130371200,2764800,279936000,40370400,7992000
"759",3,1989,1828569600,17452800,364608000,58986116.1290323,35510400
"760",4,1989,838166400,7516800,126144000,27938880,18316800
"761",5,1989,835401600,3801600,366336000,26948438.7096774,9849600
"762",6,1989,254966400,3715200,32400000,8498880,6652800
"763",7,1989,614995200,2419200,117504000,19838554.8387097,8899200
"764",8,1989,250819200,3196800,84499200,8090941.93548387,4233600
"765",9,1989,104112000,1555200,19872000,3470400,2548800
"766",10,1989,330220800,2332800,114912000,10652283.8709677,3715200
"767",11,1989,207014400,3196800,22118400,6900480,5270400
"768",12,1989,526521600,4579200,141696000,16984567.7419355,7344000
"769",1,1990,759974400,8035200,135648000,24515303.2258065,16416000
"770",2,1990,863222400,11577600,96768000,30829371.4285714,21081600
"771",3,1990,432777600,6393600,52012800,13960567.7419355,9417600
"772",4,1990,703382400,6480000,123552000,23446080,14990400
"773",5,1990,679795200,5356800,104544000,21928877.4193548,11145600
"774",6,1990,170985600,1641600,33177600,5699520,4276800
"775",7,1990,43122240,492480,4147200,1391040,1123200
"776",8,1990,34732800,362880,6566400,1120412.90322581,613440
"777",9,1990,6233760,66528,457920,207792,194400
"778",10,1990,405306720,73440,250560000,13074410.3225806,1728000
"779",11,1990,153100800,1382400,33609600,5103360,2376000
"780",12,1990,375494400,3974400,55036800,12112722.5806452,7689600
"781",1,1991,1099180800,6652800,258336000,35457445.1612903,18489600
"782",2,1991,180662400,4492800,13219200,6452228.57142857,5443200
"783",3,1991,843523200,6048000,197856000,27210425.8064516,12009600
"784",4,1991,314236800,5270400,26611200,10474560,7776000
"785",5,1991,134611200,2505600,10972800,4342296.77419355,3801600
"786",6,1991,33333120,501120,2505600,1111104,950400
"787",7,1991,12286080,146880,1036800,396325.161290323,397440
"788",8,1991,17444160,293760,1209600,562714.838709677,483840
"789",9,1991,51822720,190080,22377600,1727424,302400
"790",10,1991,53101440,276480,10195200,1712949.67741935,751680
"791",11,1991,17107200,267840,1382400,570240,514080
"792",12,1991,84957120,570240,28252800,2740552.25806452,1123200
"793",1,1992,818380800,2764800,513216000,26399380.6451613,4492800
"794",2,1992,337651200,2246400,158112000,11643144.8275862,3628800
"795",3,1992,553305600,5529600,120960000,17848567.7419355,9590400
"796",4,1992,386812800,3628800,161568000,12893760,5227200
"797",5,1992,85190400,1468800,5443200,2748077.41935484,2678400
"798",6,1992,80956800,1123200,11923200,2698560,2160000
"799",7,1992,79401600,328320,13651200,2561341.93548387,1728000
"800",8,1992,72437760,639360,19008000,2336701.93548387,1123200
"801",9,1992,30913920,388800,2937600,1030464,734400
"802",10,1992,58173120,302400,14515200,1876552.25806452,665280
"803",11,1992,362534400,2505600,45964800,12084480,8035200
"804",12,1992,413337600,3888000,90720000,13333470.9677419,6566400
"805",1,1993,1015977600,5875200,154656000,32773470.9677419,18748800
"806",2,1993,425260800,5788800,53568000,15187885.7142857,11880000
"807",3,1993,2402006400,11232000,836352000,77484077.4193548,26438400
"808",4,1993,1471305600,6998400,293760000,49043520,23025600
"809",5,1993,169344000,3283200,12441600,5462709.67741936,4838400
"810",6,1993,76006080,794880,15120000,2533536,1641600
"811",7,1993,47552832,84672,18921600,1533962.32258065,682560
"812",8,1993,26861760,112320,1382400,866508.387096774,829440
"813",9,1993,16951680,120960,2246400,565056,410400
"814",10,1993,12515904,69120,4838400,403738.838709677,120960
"815",11,1993,172431072,82080,144288000,5747702.4,112320
"816",12,1993,255398400,1641600,36720000,8238658.06451613,4579200
"817",1,1994,453340800,3456000,44150400,14623896.7741935,11232000
"818",2,1994,584582400,5788800,88128000,20877942.8571429,10065600
"819",3,1994,1338768000,5788800,372384000,43186064.516129,11318400
"820",4,1994,405648000,4320000,104544000,13521600,7819200
"821",5,1994,91670400,1382400,6220800,2957109.67741935,2678400
"822",6,1994,22956480,259200,1555200,765216,846720
"823",7,1994,317338560,734400,75686400,10236727.7419355,1728000
"824",8,1994,166881600,475200,45792000,5383277.41935484,1987200
"825",9,1994,20347200,146880,5616000,678240,241920
"826",10,1994,15543360,129600,1987200,501398.709677419,509760
"827",11,1994,25436160,509760,3283200,847872,708480
"828",12,1994,25462080,639360,1296000,821357.419354839,786240
"829",1,1995,416266560,855360,125280000,13427953.5483871,5616000
"830",2,1995,559526400,3110400,145152000,19983085.7142857,6436800
"831",3,1995,605491200,3888000,148608000,19531974.1935484,7948800
"832",4,1995,87091200,1728000,4579200,2903040,2851200
"833",5,1995,62294400,1036800,5097600,2009496.77419355,1728000
"834",6,1995,1069718400,1814400,356832000,35657280,5011200
"835",7,1995,326764800,1900800,72921600,10540800,5097600
"836",8,1995,98271360,527040,56505600,3170043.87096774,1123200
"837",9,1995,25945920,432000,3024000,864864,673920
"838",10,1995,510520320,336960,207360000,16468397.4193548,3888000
"839",11,1995,550800000,5529600,118368000,18360000,8510400
"840",12,1995,345859200,5875200,40435200,11156748.3870968,8380800
"841",1,1996,1013212800,6393600,268704000,32684283.8709677,19180800
"842",2,1996,597456000,8985600,68515200,20601931.0344828,15811200
"843",3,1996,747360000,6393600,121824000,24108387.0967742,14774400
"844",4,1996,461462400,6393600,46656000,15382080,11361600
"845",5,1996,396489600,3801600,55814400,12789987.0967742,7430400
"846",6,1996,87955200,1209600,7430400,2931840,2635200
"847",7,1996,153601920,846720,90720000,4954900.64516129,1209600
"848",8,1996,225590400,1900800,54086400,7277109.67741936,3542400
"849",9,1996,2551046400,2246400,1883520000,85034880,6523200
"850",10,1996,219110400,3369600,32400000,7068077.41935484,4320000
"851",11,1996,253152000,3888000,27993600,8438400,6004800
"852",12,1996,665452800,8121600,94176000,21466219.3548387,12182400
"853",1,1997,598579200,7171200,67996800,19309006.4516129,12441600
"854",2,1997,761184000,8812800,227232000,27185142.8571429,14644800
"855",3,1997,692236800,9676800,80179200,22330219.3548387,15379200
"856",4,1997,945820800,5184000,310176000,31527360,7257600
"857",5,1997,275875200,3369600,30240000,8899200,5788800
"858",6,1997,188179200,1987200,32227200,6272640,4233600
"859",7,1997,44928000,864000,2332800,1449290.32258065,1382400
"860",8,1997,35812800,354240,11923200,1155251.61290323,673920
"861",9,1997,42128640,190080,15120000,1404288,756000
"862",10,1997,36996480,285120,4579200,1193434.83870968,846720
"863",11,1997,264556800,1468800,107136000,8818560,3672000
"864",12,1997,265248000,3369600,44841600,8556387.09677419,4924800
"865",1,1998,1690070400,6566400,419040000,54518400,30412800
"866",2,1998,1834012800,15984000,555552000,65500457.1428571,24062400
"867",3,1998,2540332800,11404800,1010880000,81946219.3548387,19526400
"868",4,1998,839721600,8812800,177984000,27990720,18100800
"869",5,1998,303436800,4752000,40780800,9788283.87096774,8467200
"870",6,1998,97200000,1468800,5443200,3240000,3283200
"871",7,1998,64877760,768960,22204800,2092830.96774194,1123200
"872",8,1998,21556800,267840,3196800,695380.64516129,527040
"873",9,1998,74208960,181440,40176000,2473632,514080
"874",10,1998,12381120,207360,1900800,399390.967741936,328320
"875",11,1998,13910400,146880,864000,463680,483840
"876",12,1998,169646400,259200,27475200,5472464.51612903,3542400
"877",1,1999,857606400,3196800,268704000,27664722.5806452,7516800
"878",2,1999,219801600,4060800,20044800,7850057.14285714,6048000
"879",3,1999,348278400,3628800,53308800,11234787.0967742,5702400
"880",4,1999,420681600,3283200,147744000,14022720,6609600
"881",5,1999,164160000,1641600,35596800,5295483.87096774,3456000
"882",6,1999,79695360,734400,17884800,2656512,1382400
"883",7,1999,35199360,172800,4665600,1135463.22580645,950400
"884",8,1999,15033600,112320,3974400,484954.838709677,207360
"885",9,1999,1749885120,224640,635040000,58329504,7603200
"886",10,1999,351561600,4406400,58838400,11340696.7741935,7430400
"887",11,1999,227577600,3369600,62640000,7585920,4017600
"888",12,1999,210038400,3801600,22896000,6775432.25806452,5270400
"889",1,2000,436320000,3888000,113184000,14074838.7096774,6739200
"890",2,2000,744422400,8467200,50803200,25669737.9310345,23760000
"891",3,2000,641520000,4752000,238464000,20694193.5483871,8467200
"892",4,2000,972259200,7084800,186624000,32408640,18662400
"893",5,2000,245980800,3456000,26092800,7934864.51612903,5529600
"894",6,2000,271555200,2073600,62121600,9051840,4536000
"895",7,2000,131673600,1468800,24105600,4247535.48387097,2764800
"896",8,2000,91670400,1123200,11836800,2957109.67741935,2505600
"897",9,2000,71971200,950400,8035200,2399040,1771200
"898",10,2000,26006400,665280,1382400,838916.129032258,786240
"899",11,2000,40487040,656640,5184000,1349568,950400
"900",12,2000,92473920,492480,35856000,2983029.67741935,734400
"901",1,2001,124588800,1296000,28684800,4018993.5483871,1555200
"902",2,2001,231033600,2160000,77241600,8251200,4795200
"903",3,2001,1010793600,4060800,362016000,32606245.1612903,8035200
"904",4,2001,513561600,3196800,136512000,17118720,5788800
"905",5,2001,85363200,1641600,7689600,2753651.61290323,2419200
"906",6,2001,121478400,950400,36806400,4049280,2462400
"907",7,2001,182070720,397440,92448000,5873249.03225806,950400
"908",8,2001,55339200,544320,5356800,1785135.48387097,1296000
"909",9,2001,31060800,293760,4233600,1035360,682560
"910",10,2001,11693376,216864,608256,377205.677419355,349920
"911",11,2001,8626176,219456,397440,287539.2,276480
"912",12,2001,23482656,324864,2583360,757505.032258064,646272
"913",1,2002,203958432,495936,44409600,6579304.25806452,2816640
"914",2,2002,95238720,1779840,14083200,3401382.85714286,2639520
"915",3,2002,207083520,1702080,22464000,6680113.5483871,4933440
"916",4,2002,89622720,1218240,7827840,2987424,2743200
"917",5,2002,51817536,533088,5572800,1671533.41935484,1460160
"918",6,2002,9951552,14688,2393280,331718.4,142560
"919",7,2002,4492800,19008,686016,144929.032258065,83808
"920",8,2002,9334656,23328,2937600,301117.935483871,51840
"921",9,2002,79464672,34560,50198400,2648822.4,270000
"922",10,2002,1040769216,21600,559008000,33573200.516129,5650560
"923",11,2002,564451200,4337280,95904000,18815040,9028800
"924",12,2002,962884800,3620160,158976000,31060800,18748800
"925",1,2003,336562560,4337280,75340800,10856856.7741935,5736960
"926",2,2003,867110400,8812800,127872000,30968228.5714286,17452800
"927",3,2003,1861660800,10800000,490752000,60053574.1935484,24710400
"928",4,2003,1700991360,8164800,417312000,56699712,15854400
"929",5,2003,1093115520,4752000,216864000,35261790.9677419,11059200
"930",6,2003,902629440,5987520,172800000,30087648,12873600
"931",7,2003,831461760,3611520,260064000,26821347.0967742,8812800
"932",8,2003,346896000,2073600,177984000,11190193.5483871,4216320
"933",9,2003,447387840,2609280,113184000,14912928,5944320
"934",10,2003,178269120,3576960,21600000,5750616.77419355,4561920
"935",11,2003,192983040,4026240,22118400,6432768,5283360
"936",12,2003,644302080,5443200,140832000,20783938.0645161,10195200
"937",1,2004,225434880,6246720,12960000,7272092.90322581,6981120
"938",2,2004,438920640,5624640,58665600,15135194.4827586,10195200
"939",3,2004,157265280,3749760,9158400,5073073.5483871,4674240
"940",4,2004,407229120,5235840,74822400,13574304,8255520
"941",5,2004,170156160,2635200,26265600,5488908.38709677,4086720
"942",6,2004,61395840,555552,14515200,2046528,1265760
"943",7,2004,31408992,145152,14342400,1013193.29032258,454464
"944",8,2004,537933312,638496,157248000,17352687.483871,2073600
"945",9,2004,237340800,1857600,46569600,7911360,3300480
"946",10,2004,104561280,1097280,13651200,3372944.51612903,1926720
"947",11,2004,427325760,1451520,115776000,14244192,7374240
"948",12,2004,784088640,7041600,393984000,25293181.9354839,9158400
"949",1,2005,623583360,5892480,252288000,20115592.2580645,8985600
"950",2,2005,376151040,7369920,50630400,13433965.7142857,10843200
"951",3,2005,788659200,9417600,109728000,25440619.3548387,16675200
"952",4,2005,295643520,4803840,26784000,9854784,7922880
"953",5,2005,131362560,1961280,9676800,4237501.93548387,3637440
"954",6,2005,101321280,1555200,17625600,3377376,2881440
"955",7,2005,30101760,319680,2332800,971024.516129032,768960
"956",8,2005,21461760,224640,2583360,692314.838709677,501120
"957",9,2005,1814400,17280,207360,60480,43200
"958",10,2005,2980800,8640,345600,96154.8387096774,77760
"959",11,2005,30701376,34560,17712000,1023379.2,56160
"960",12,2005,468210240,1140480,162432000,15103556.1290323,4838400
"961",1,2006,163123200,2937600,11750400,5262038.70967742,5140800
"962",2,2006,120277440,2894400,10195200,4295622.85714286,3628800
"963",3,2006,76351680,1762560,3672000,2462957.41935484,2393280
"964",4,2006,169214400,1624320,52099200,5640480,2622240
"965",5,2006,82192320,1062720,10627200,2651365.16129032,1995840
"966",6,2006,199827648,798336,41126400,6660921.6,2233440
"967",7,2006,247855680,967680,133056000,7995344.51612903,2082240
"968",8,2006,34610976,124416,18748800,1116483.09677419,360288
"969",9,2006,92261376,523584,14342400,3075379.2,1758240
"970",10,2006,135781920,565056,24105600,4380061.93548387,2082240
"971",11,2006,1113998400,1710720,378432000,37133280,11318400
"972",12,2006,330972480,3576960,77068800,10676531.6129032,5590080
"973",1,2007,553616640,5667840,104544000,17858601.2903226,9936000
"974",2,2007,308257920,4449600,58406400,11009211.4285714,6937920
"975",3,2007,498623040,5590080,88992000,16084614.1935484,8812800
"976",4,2007,524102400,4795200,142560000,17470080,7093440
"977",5,2007,99040320,1157760,6972480,3194849.03225806,3179520
"978",6,2007,51773472,550368,7836480,1725782.4,1188000
"979",7,2007,15489792,155520,1572480,499670.709677419,450144
"980",8,2007,1912032,13824,154656,61678.4516129032,45792
"981",9,2007,575424,1728,100224,19180.8,11664
"982",10,2007,22224672,0,10195200,716924.903225806,1728
"983",11,2007,3212352,13824,444960,107078.4,88992
"984",12,2007,60225120,15552,48643200,1942745.80645161,51840
"985",1,2008,60535296,539136,12528000,1952751.48387097,1235520
"986",2,2008,142853760,1218240,17366400,4925991.72413793,3568320
"987",3,2008,468771840,2013120,160704000,15121672.2580645,5607360
"988",4,2008,680728320,3386880,127008000,22690944,8078400
"989",5,2008,114194880,1918080,12182400,3683705.80645161,3240000
"990",6,2008,25691904,167616,1978560,856396.8,722304
"991",7,2008,11690784,30240,1019520,377122.064516129,330912
"992",8,2008,88666272,24192,62294400,2860202.32258065,82080
"993",9,2008,986891040,432000,653184000,32896368,3983040
"994",10,2008,56452032,845856,6644160,1821033.29032258,1296000
"995",11,2008,75589632,780192,18230400,2519654.4,1533600
"996",12,2008,534470400,2704320,160704000,17240980.6451613,8605440
"997",1,2009,492281280,3775680,127872000,15880041.2903226,5512320
"998",2,2009,125444160,3360960,7214400,4480148.57142857,4151520
"999",3,2009,1018949760,5996160,133056000,32869347.0967742,18662400
"1000",4,2009,369584640,4207680,46656000,12319488,9763200
"1001",5,2009,147864960,2004480,22636800,4769837.41935484,3775680
"1002",6,2009,541624320,1779840,83289600,18054144,6782400
"1003",7,2009,39748320,412128,4536000,1282203.87096774,1028160
"1004",8,2009,45820512,158976,16675200,1478081.03225806,730080
"1005",9,2009,1593216,2592,313632,53107.2,10368
"1006",10,2009,13392000,94176,3715200,432000,162432
"1007",11,2009,934842816,445824,203040000,31161427.2,11361600
"1008",12,2009,1451710080,6756480,206496000,46829357.4193548,25833600
"1009",1,2010,745623360,5676480,221184000,24052366.4516129,12873600
"1010",2,2010,1039996800,9331200,381888000,37142742.8571429,15552000
"1011",3,2010,439378560,6194880,97632000,14173501.9354839,8138880
"1012",4,2010,161101440,2738880,13651200,5370048,4428000
"1013",5,2010,426608640,1270080,166752000,13761569.0322581,2626560
"1014",6,2010,117495360,993600,19267200,3916512,2738880
"1015",7,2010,92955168,440640,53136000,2998553.80645161,1045440
"1016",8,2010,29458944,349920,5477760,950288.516129032,668736
"1017",9,2010,63507456,23328,60048000,2116915.2,69120
"1018",10,2010,56456352,234144,22982400,1821172.64516129,470016
"1019",11,2010,26955936,469152,1615680,898531.2,876960
"1020",12,2010,58121280,1045440,4034880,1874880,1658880
"1021",1,2011,54622080,1062720,3654720,1762002.58064516,1494720
"1022",2,2011,80308800,1486080,14428800,2868171.42857143,1944000
"1023",3,2011,442143360,3490560,58752000,14262689.0322581,8899200
"1024",4,2011,212181120,2669760,24278400,7072704,4916160
"1025",5,2011,230662080,2047680,41990400,7440712.25806452,4311360
"1026",6,2011,38073024,314496,4829760,1269100.8,902880
"1027",7,2011,49007808,123552,15465600,1580897.03225806,554688
"1028",8,2011,8433504,22464,1987200,272048.516129032,188352
"1029",9,2011,68228352,13824,47260800,2274278.4,142560
"1030",10,2011,3411936,59616,319680,110062.451612903,86400
"1031",11,2011,146883456,86400,38707200,4896115.2,1149120
"1032",12,2011,179202240,1598400,22723200,5780717.41935484,4034880
"1033",1,2012,79980480,1961280,5391360,2580015.48387097,2401920
"1034",2,2012,119024640,1546560,16156800,4104297.93103448,2255040
"1035",3,2012,361160640,2436480,155520000,11650343.2258065,4423680
"1036",4,2012,137592000,1365120,20822400,4586400,3317760
"1037",5,2012,239405760,1555200,74649600,7722766.4516129,3265920
"1038",6,2012,79214976,371520,18748800,2640499.2,1192320
"1039",7,2012,40288320,215136,9158400,1299623.22580645,487296
"1040",8,2012,61490880,196128,14428800,1983576.77419355,621216
"1041",9,2012,171647424,254016,54086400,5721580.8,1386720
"1042",10,2012,44404416,411264,4043520,1432400.51612903,1200960
"1043",11,2012,24814944,630720,2367360,827164.8,708480
"1044",12,2012,141658848,639360,41644800,4569640.25806452,1296000
"1045",1,2013,529493760,2877120,165024000,17080443.8709677,6108480
"1046",2,2013,411315840,4060800,73094400,14689851.4285714,11361600
"1047",3,2013,305544960,4155840,42595200,9856289.03225806,6912000
"1048",4,2013,328795200,3110400,57801600,10959840,7058880
"1049",5,2013,415169280,2315520,130464000,13392557.4193548,5002560
"1050",6,2013,381836160,1944000,89856000,12727872,3728160
"1051",7,2013,722036160,3024000,165024000,23291489.0322581,7862400
"1052",8,2013,227473920,1961280,37065600,7337868.38709677,4553280
"1053",9,2013,31481568,427680,2505600,1049385.6,871776
"1054",10,2013,34672320,283392,3784320,1118461.93548387,846720
"1055",11,2013,49302432,499392,10713600,1643414.4,795312
"1056",12,2013,502450560,1598400,123552000,16208082.5806452,5469120
"1057",1,2014,723720960,4337280,164160000,23345837.4193548,10454400
"1058",2,2014,532872000,4898880,62726400,19031142.8571429,11102400
"1059",3,2014,851160960,7076160,165024000,27456805.1612903,13824000
"1060",4,2014,749217600,6030720,137376000,24973920,12268800
"1061",5,2014,881357760,3836160,527904000,28430895.483871,6307200
"1062",6,2014,89735040,1382400,6324480,2991168,2864160
"1063",7,2014,103218624,546048,26956800,3329633.03225806,1823040
"1064",8,2014,140538240,1157760,24364800,4533491.61290323,2652480
"1065",9,2014,76103712,826848,14342400,2536790.4,1710720
"1066",10,2014,94192416,566784,24019200,3038465.03225806,1192320
"1067",11,2014,156362400,648864,42336000,5212080,1814400
"1068",12,2014,386588160,2471040,110592000,12470585.8064516,4147200
"1069",1,2015,401207040,4164480,48729600,12942162.5806452,9417600
"1070",2,2015,323490240,5253120,40176000,11553222.8571429,7633440
"1071",3,2015,798050880,8078400,103680000,25743576.7741935,16761600
"1072",4,2015,295021440,4890240,46742400,9834048,7447680
"1073",5,2015,92638080,1235520,6229440,2988325.16129032,2773440
"1074",6,2015,235837440,1123200,111456000,7861248,2764800
"1075",7,2015,51174720,666144,7724160,1650797.41935484,1313280
"1076",8,2015,11841120,75168,2419200,381971.612903226,282528
"1077",9,2015,57319488,40608,22118400,1910649.6,77760
"1078",10,2015,369325440,1425600,165888000,11913723.8709677,2859840
"1079",11,2015,816773760,3136320,186624000,27225792,11361600
"1080",12,2015,1579556160,7084800,313632000,50953424.516129,18662400
"1081",1,2016,513527040,7102080,57974400,16565388.3870968,11145600
"1082",2,2016,956577600,7369920,158976000,32985434.4827586,16416000
"1083",3,2016,339197760,5071680,63417600,10941863.2258065,8052480
"1084",4,2016,182338560,3257280,20649600,6077952,5071680
"1085",5,2016,496506240,3784320,146016000,16016330.3225806,8026560
"1086",6,2016,191963520,1771200,41040000,6398784,3378240
"1087",7,2016,194633280,1356480,34387200,6278492.90322581,3758400
"1088",8,2016,226851840,1054080,45532800,7317801.29032258,3231360
"1089",9,2016,536791104,285120,274752000,17893036.8,1080000
"1090",10,2016,1132600320,2695680,520128000,36535494.1935484,4682880
"1091",11,2016,64808640,1900800,2972160,2314594.28571429,2293920
"1092",12,2016,71867520,1831680,5391360,2318307.09677419,2082240
"1093",1,2017,516620160,2177280,114912000,16665166.4516129,9072000
"1094",2,2017,127483200,3335040,5918400,4552971.42857143,4687200
"1095",3,2017,98487360,2039040,17107200,3177011.61290323,2479680
"1096",4,2017,1444193280,3352320,824256000,48139776,7905600
"1097",5,2017,894214080,4415040,305856000,28845615.483871,9590400
"1098",6,2017,523964160,3067200,345600000,17465472,4968000
"1099",7,2017,98284320,801792,15638400,3170461.93548387,2211840
"1100",8,2017,42393024,383616,5676480,1367516.90322581,787104
"1101",9,2017,17813952,88128,2574720,593798.4,430272
"1102",10,2017,3966624,6912,786240,127955.612903226,69984
"1103",11,2017,9550656,50976,1226880,318355.2,208224
"1104",12,2017,25879392,188352,4069440,834819.096774194,584928
"1105",1,2018,138288384,412128,27993600,4460915.61290323,1114560
"1106",2,2018,207671040,2730240,40089600,7416822.85714286,4851360
"1107",3,2018,545184000,3162240,62985600,17586580.6451613,12096000
"1108",4,2018,746962560,4406400,222912000,24898752,9892800
"1109",5,2018,811892160,2989440,255744000,26190069.6774194,8985600
"1110",6,2018,172696320,2289600,26006400,5756544,3935520
"1111",7,2018,75306240,708480,11923200,2429233.5483871,1391040
"1112",8,2018,256728960,1054080,40003200,8281579.35483871,3144960
"1113",9,2018,1329163776,749952,835488000,44305459.2,5754240
"1114",10,2018,640379520,2859840,157248000,20657403.8709677,4821120
"1115",11,2018,1811574720,6730560,651456000,60385824,23673600
"1116",12,2018,1439484480,8268480,250560000,46434983.2258065,30240000
"1117",1,2019,1054684800,12614400,119232000,34022090.3225806,24278400
"1118",2,2019,1909543680,8052480,383616000,68197988.5714286,19958400
"1119",3,2019,972172800,10195200,154656000,31360412.9032258,19699200
"1120",4,2019,1318464000,9504000,375840000,43948800,20044800
"1121",5,2019,154932480,1823040,9072000,4997821.93548387,4631040
"1122",6,2019,404956800,1667520,71366400,13498560,4924800
"1123",7,2019,78633504,732672,15465600,2536564.64516129,1840320
"1124",8,2019,35977824,452736,2367360,1160574.96774194,1019520
"1125",9,2019,5050944,60480,367200,168364.8,149472
"1126",10,2019,29555712,31968,10368000,953410.064516129,85536
"1127",11,2019,88023456,338688,21772800,2934115.2,928800
"1128",12,2019,303834240,1883520,71798400,9801104.51612903,4406400
"1129",1,2020,717664320,3136320,233280000,23150461.9354839,10281600
"1130",2,2020,1373034240,8087040,368928000,47346008.2758621,18489600
"1131",3,2020,388514880,4760640,122688000,12532738.0645161,5987520
"1132",4,2020,451094400,4838400,97632000,15036480,7741440
"1133",5,2020,1415456640,4026240,351648000,45659891.6129032,15033600
"1134",6,2020,367441920,3144960,75513600,12248064,5628960
"1135",7,2020,65289024,710208,7689600,2106097.5483871,1658880
"1136",8,2020,65010816,593568,6436800,2097123.09677419,1373760
"1137",9,2020,254158560,444096,91584000,8471952,2121120
"1138",10,2020,332899200,1944000,85449600,10738683.8709677,4864320
"1139",11,2020,824506560,3862080,274752000,27483552,6242400
"1140",12,2020,1620259200,8899200,242784000,52266425.8064516,26524800
"1141",1,2021,972872640,5659200,230688000,31382988.3870968,16156800
"1142",2,2021,1788566400,13737600,192672000,63877371.4285714,42897600
"1143",3,2021,730313280,7499520,109728000,23558492.9032258,13564800
"1144",4,2021,390657600,4112640,66960000,13021920,8087040
"1145",5,2021,105468480,1771200,11145600,3402209.03225806,3144960
"1146",6,2021,126912960,1131840,42422400,4230432,2280960
"1147",7,2021,95940288,673056,17280000,3094848,1503360
"1148",8,2021,46312128,330048,12268800,1493939.61290323,671328
"1149",9,2021,37634976,137376,22723200,1254499.2,238464
"1150",10,2021,11991456,144288,844992,386821.161290323,345600
"1151",11,2021,10798272,176256,632448,359942.4,309744
"1152",12,2021,31216320,444096,1918080,1006978.06451613,1036800
"1153",1,2022,333322560,1028160,87264000,10752340.6451613,4985280
"1154",2,2022,229417920,2064960,55296000,8193497.14285714,3417120
"1155",3,2022,692271360,2833920,153792000,22331334.1935484,6868800
"1156",4,2022,197648640,1632960,51580800,6588288,3533760
"1157",5,2022,373619520,1607040,120960000,12052242.5806452,3093120
"1158",6,2022,74208960,933120,13132800,2473632,1870560
"1159",7,2022,84183840,736992,12528000,2715607.74193548,1753920
"1160",8,2022,66076128,336096,15206400,2131488,837216
"1161",9,2022,1114560,1114560,1114560,1114560,1114560
